Order ID,Product,Category,Sub-Category,Quantity,Sales,Cost,Profit,Order Date,Customer ID,Region,Inventory
1600208e-5bf3-4b42-9735-e74164a0e86f,Able,Clothing,Men,3,696.99,470.97,226.02,2024-12-11,f399eeca-40c8-4abd-bd83-3396e9b03ffa,West,27
670c2a33-f481-4e80-a32a-37f02e80b60c,Camera,Home & Kitchen,Decor,9,2829.42,2601.54,227.88,2025-02-15,dbea17d4-7d27-455e-a46b-3a4071c7ff2e,East,82
84f336df-c8bc-4592-8ba7-2498454bc14b,Often,Home & Kitchen,Appliances,9,1892.07,1442.97,449.1,2025-06-03,195584a4-b80d-4fce-9b4a-258b9755a2c4,South,26
6f0e7057-e8c4-4397-b3b2-2743e15ce9a7,Reason,Electronics,Laptops,10,1698.5,1181.8,516.7,2024-08-16,ecb6352f-2bea-428a-9d09-b12e4bf9f9fc,North,19
03bda3df-10b5-4a76-8160-880c09da2c8c,Behavior,Clothing,Kids,5,1831.35,1320.65,510.7,2025-04-19,762312a5-86ce-4398-8421-20842cb2d28b,East,82
49cfda4d-4824-4903-b312-4212a753b485,Meeting,Home & Kitchen,Decor,4,1232.76,901.76,331.0,2025-01-08,34afcd2c-d343-4bf5-88ca-525e22918dc0,North,53
c4ea2a7b-4691-43b1-9784-6956fa7b2e83,Choice,Electronics,Phones,3,626.04,464.19,161.85,2024-09-21,940d9fa7-d094-48f9-a931-cf43992c9deb,North,91
e007c11a-d6d9-43d2-8ac7-3906943fc4c8,Production,Home & Kitchen,Furniture,6,2845.8,2704.74,141.06,2024-08-19,0e5a51cd-f096-445b-aeca-821d241d7a81,West,38
abd3605f-4408-43f9-932f-0fd0803eba9a,Again,Home & Kitchen,Appliances,9,1397.34,966.42,430.92,2025-04-30,c50dc624-858c-4561-91a4-7a73057371f1,North,79
c4880692-2ef8-4654-a489-0786bc8edd09,What,Electronics,Laptops,7,1328.46,1247.33,81.13,2024-10-01,e2000c6b-6274-44e9-9973-efb64fcaebc8,West,69
e52405f5-2f01-44bb-b048-d5230cebb791,Scene,Home & Kitchen,Appliances,10,6456.6,4329.2,2127.4,2024-09-26,88e9bf49-011c-46b3-8364-d317ea5306f0,East,88
a76f1fe4-8d44-42fa-89b1-1e629596f410,Better,Clothing,Men,10,2757.9,2190.3,567.6,2025-04-28,4311be03-f509-4d93-9c84-5e8db70df8f8,West,77
e6b995e7-c7fd-4ebc-beb5-50f21bb9ee50,While,Clothing,Women,4,2366.44,1918.88,447.56,2024-07-17,d069713e-dd68-4d0b-b846-09b9712024c9,East,59
4ab22666-ae76-4083-8091-d38b7e599146,Little,Clothing,Women,1,492.44,395.11,97.33,2024-10-23,98ed230b-e0ff-4dec-82f4-f2c5cfc6de8e,West,14
f1ffd539-e6a3-4823-b0b0-7ff2a5bb9de2,Nature,Clothing,Kids,9,4293.27,3027.96,1265.31,2025-03-20,fac42e29-50d2-4e52-ad01-b31be913408d,East,77
7072ae54-bd95-4dd9-9cd5-036cc1864ef6,Man,Books,Non-Fiction,2,1134.36,996.66,137.7,2025-01-19,9bbc81fb-0a8e-44e7-a985-2ae08ab2eb3d,North,71
8de1e93e-5592-4f5e-8912-31e4ee0adca6,Theory,Home & Kitchen,Furniture,9,2928.42,2320.29,608.13,2024-11-15,4a1f7b83-4a4a-49c2-ae7c-0afe4083250e,East,20
9c8b5c1e-62e9-4f9c-83b1-2cdf83f8ace4,Task,Books,Non-Fiction,1,504.41,416.07,88.34,2024-12-31,88903750-3685-4510-a590-acc28e928bd4,West,84
4acbc05f-2219-4e07-b6bf-4f1136938f41,Interesting,Books,Fiction,7,3458.7,3075.52,383.18,2025-02-18,f337e404-f660-408b-9748-a729c0421fc8,East,76
8976dece-60a7-4582-ab25-160f9b456d33,Brother,Home & Kitchen,Appliances,4,1676.04,1452.44,223.6,2024-11-17,1b02402e-b358-4428-898b-a646a04dd35f,West,16
c4b867a4-8132-4f55-8c53-76fb89463afd,No,Books,Fiction,4,1967.12,1385.88,581.24,2025-01-14,2c78e050-8677-4703-8564-02ef14fc1d41,North,23
c1671af8-ad6d-4fef-8f19-255d9be1760a,News,Clothing,Women,6,3270.24,2737.08,533.16,2024-11-05,a28201ff-d687-4649-bfb6-016b7332a8dc,West,50
79bb36f2-1e49-49a5-afb8-afcf033f109b,Boy,Books,Fiction,6,1524.12,1106.94,417.18,2025-01-06,bfa8e991-1994-46e2-92ff-0d96ea234c45,West,90
95c1a111-a066-4c4f-bb26-a14f90bc0d51,Continue,Clothing,Women,1,258.55,218.5,40.05,2025-01-02,f03bb62d-6541-4e2f-a17d-4cabffa2656c,North,82
97fe6303-7382-43fd-9338-6cdc1123b642,We,Clothing,Men,5,710.05,659.3,50.75,2024-10-13,783800af-700f-42d2-99b5-90fc324be6d5,West,18
c93c64e4-1ac8-48d5-bd8e-d27ebe48b4a1,Add,Home & Kitchen,Appliances,8,3430.56,2332.16,1098.4,2025-05-12,c24845bf-8dad-4b6f-a158-a91004a30b02,West,5
c2353b9d-dfc5-4ec1-870c-9e74685781dc,Senior,Electronics,Phones,1,290.8,240.97,49.83,2024-12-13,8ab43ad7-4427-4567-8159-ee43560cf2a6,East,16
09b6e3c5-167e-4c71-9cc1-e9303b0ee7b8,Again,Clothing,Women,7,2135.35,1650.67,484.68,2024-11-20,be2d10c6-62a8-4fc2-be41-84a2d838838c,West,47
289081ba-eb1b-45cd-9437-d761370516e4,Special,Clothing,Women,1,409.99,301.98,108.01,2024-10-28,2f75d46a-737e-4367-befa-b4e36b367b3a,North,37
8e183977-e50d-4192-86ee-abe70f37a44e,Full,Clothing,Men,5,809.75,713.8,95.95,2024-10-17,6876c113-f5ba-4997-8f99-921128b9f025,North,90
d9e455fe-ea29-405f-b0d2-4eff5b3bcebd,Bar,Electronics,Phones,4,1637.32,1196.56,440.76,2024-10-13,20a51b80-516c-4948-955c-04205573151a,East,85
e3049fa5-86d7-412f-a810-8a1c984b1ba8,Herself,Clothing,Women,10,4057.5,3642.0,415.5,2025-01-09,e107fef4-8756-4e62-a24c-82860017adf2,North,77
a1e8268f-14a9-4676-9242-f6787ece21bc,Assume,Electronics,Accessories,4,1812.44,1231.12,581.32,2025-03-27,f05cb5fc-5fc7-4d6f-8af4-a67b39f47cd1,West,37
2cb98461-b912-4fa2-b73f-f0e540718fe7,Company,Clothing,Women,5,2030.6,1569.75,460.85,2024-11-13,697e51b7-1322-4f7e-b6d6-d97af1ac3586,North,76
74711fea-1a27-4c20-8d3c-3c0d3fd79801,Enjoy,Electronics,Phones,5,1836.3,1366.05,470.25,2025-02-22,524f8a7e-4dd4-43fb-a3c8-0a3c7409c510,North,80
a2c05bc0-78dc-4fcd-8b7e-9569764f7bbe,Staff,Books,Non-Fiction,4,1980.64,1621.04,359.6,2024-08-25,f1d55c34-414d-45f0-ba83-755720548af1,North,81
4246af44-8b8b-4ed0-8415-e5ee08a6cfd3,Sound,Books,Fiction,10,1135.8,836.7,299.1,2024-07-18,2e5a7a21-1a95-4895-a41d-a63f7b651b40,East,56
c83c4df8-72cf-42e8-8cb2-bc4ea7a6df72,Face,Home & Kitchen,Furniture,4,619.84,562.56,57.28,2024-11-24,220e6b81-e5cd-4d1b-b818-b31e7c55aa13,North,72
7def8cd1-8338-4cb6-956f-c5ca7139f0fb,Look,Books,Comics,1,215.11,173.43,41.68,2025-03-29,5d023921-6f7e-4e47-815a-f0e36e73f946,West,77
a559c4ca-48ff-4277-aa09-d1c79764b15a,Certainly,Electronics,Laptops,9,733.95,493.38,240.57,2025-01-11,b8a3a20d-73dc-4825-bc35-a7e51783cca7,North,78
713602e0-1556-45dc-a28d-821c77aaeb24,Agent,Electronics,Phones,10,5325.0,4925.7,399.3,2025-01-22,fff71032-aa96-4e29-bddd-bc2f180f6ddd,South,82
5a3a5552-259f-4e91-ab17-f8b6382bc962,Process,Electronics,Laptops,1,363.77,328.67,35.1,2025-06-25,9d88693b-ca14-40b0-8c0e-86ae4c9a7d87,North,86
9bd4a705-3190-4917-b36a-7993c548a279,Fly,Books,Fiction,3,1710.48,1340.31,370.17,2024-08-02,360de5f9-2825-4c31-9c9e-9db7b1888021,South,39
ea0ee5ae-babf-48fa-b576-46bb90f6b607,Behind,Home & Kitchen,Furniture,1,471.92,347.4,124.52,2025-02-13,7d785808-2d18-43f6-8e6d-1a314a68d52e,South,55
2bbe9d1c-32d1-455f-b64e-987b384ca443,Standard,Books,Non-Fiction,3,1145.28,996.36,148.92,2024-10-15,6baee5e7-3003-4443-a68c-219e60464a8f,North,74
960a7dc7-463c-4693-bb0d-fbc60297ac9d,Tonight,Books,Fiction,9,698.04,586.53,111.51,2025-05-18,02f66c61-9304-4179-9a59-aafa1fd0b7cc,North,56
5ed743f3-59b0-4363-9acb-f276de4c172d,Blood,Clothing,Men,3,1620.72,1256.28,364.44,2025-03-02,4d8203d1-f2d7-4d0d-8e14-90fc364bc02c,North,60
af5d1420-665d-4b8b-89f8-025b6ddf04dc,Pay,Home & Kitchen,Furniture,7,4844.91,3346.91,1498.0,2024-10-18,c4ec7121-c7d6-43d8-ab8b-b2e56618f3e6,South,73
7d88244e-f3b8-4b47-bcbb-6f017689b369,Because,Books,Fiction,6,477.0,443.7,33.3,2025-06-14,1c605b32-4d49-40e2-9ea4-ae9a64b4e8d1,North,63
b2c46d70-7bdc-49db-a2f9-ec9f46c1f375,Do,Books,Comics,6,3172.32,2473.68,698.64,2024-10-26,3571f2af-a6b7-4899-8685-cf06813f634a,East,9
42e141d7-d012-4842-8acd-4511318873fd,Six,Home & Kitchen,Furniture,3,1056.36,776.67,279.69,2024-12-31,fb8c0adb-1acd-4493-b13c-b7a6d97c2013,South,37
8499257b-cf73-4f06-a9a6-548b5b6b9f57,Always,Books,Comics,3,1415.76,1076.01,339.75,2024-12-10,5541ee92-07b6-419c-a6f2-2911d2bf2faa,North,65
1b4fa594-a71a-41d8-b02f-92b5afafe083,Phone,Clothing,Women,10,1944.0,1810.4,133.6,2024-09-21,badc7694-7ffd-4f18-aea4-48b52d1d1b32,North,62
4b6e78e5-9aba-4809-bdcd-c2469b7b9a0f,Cut,Electronics,Phones,3,908.85,774.84,134.01,2025-03-19,f4c022f2-af13-41ce-93e5-2edf6143536e,East,67
c2e7735a-5dc3-444e-a715-fbdfa5824936,Yes,Books,Fiction,9,4980.51,3399.66,1580.85,2024-12-01,e3651266-b864-455c-91c7-474d0814a36f,South,46
23dc8519-46b7-4ad7-8a8d-ea2f454f8da0,Prepare,Clothing,Men,7,1374.24,1284.71,89.53,2025-06-09,938bc300-edf0-4ca3-9223-f964a951f414,North,77
fb812f78-5ea1-4d91-bb68-2d479ca2a1d5,Wrong,Books,Non-Fiction,4,1018.4,864.2,154.2,2025-04-22,f33c0565-e96d-4bc2-aaeb-2efb52d98250,West,78
ecb51993-297f-43bd-b3b6-f34f32d7f109,Take,Home & Kitchen,Furniture,5,994.35,665.7,328.65,2024-07-24,8f3f0235-2163-41ee-93ce-4e375abafa45,West,11
6c1ef6fa-ca42-4994-9049-84c67c1a95d5,Able,Books,Non-Fiction,9,2795.67,2172.06,623.61,2025-01-30,42848a0a-ed70-4826-b669-486329408e68,West,79
420e3ead-d231-4fea-8bc5-d6a5bd7a4621,Deep,Electronics,Laptops,2,671.22,460.08,211.14,2025-01-23,41749a4e-de1b-4fff-931b-9829dd67ccdb,North,65
dd3886c2-ba97-440f-9baa-f26b25841437,Trade,Books,Non-Fiction,8,2772.24,2172.72,599.52,2025-02-09,c63b12f5-06cd-4af3-bf08-dac3c66cc641,South,56
2271473d-13fc-4d4f-88a7-ffa282322ab6,Forward,Books,Fiction,6,1262.22,895.56,366.66,2025-05-04,0318be5d-f76e-4385-9305-ea8ba9ca62db,North,41
0ab4aa0f-dcea-4813-840f-3be9f721b6c0,Us,Clothing,Men,10,2839.2,2007.0,832.2,2024-12-29,d7e977ce-1a9a-407b-8dde-9e1e597f014d,South,32
d383dbe4-d7f8-4116-a7d3-3ec3f972e2dd,Together,Books,Comics,4,1065.24,727.24,338.0,2024-09-22,026955d8-714f-4994-8a16-1cba015cde75,North,97
6f97e41a-dc25-48d0-b098-2e4361600efe,Western,Home & Kitchen,Appliances,7,3490.27,2442.3,1047.97,2024-12-19,ab42233a-4635-45a0-bac8-7f0353c46779,North,7
6866ca5b-0b80-4eee-9218-0b17b2f480da,Glass,Books,Comics,5,2657.6,2427.15,230.45,2025-05-11,3932028c-6520-4e37-8dfa-862c3430192c,North,99
50e5e1e7-20c7-4eb2-86a6-4596c778c82e,There,Electronics,Accessories,4,1929.68,1325.96,603.72,2024-08-23,e1f5f487-c461-46a7-a0bf-e32fe2c6f2f8,North,51
4b6acb0a-db1b-4251-a760-8de4d9e585f6,Town,Home & Kitchen,Appliances,5,2299.15,1655.85,643.3,2024-10-31,b37adc32-ddfe-4160-a027-0bdeec3f3a79,South,12
d6ebad34-aa71-444a-af37-d9af29548fbd,See,Electronics,Phones,10,4842.4,4393.5,448.9,2024-12-08,d421b1d3-0135-4370-be3c-fa9bb7055826,North,89
032c45c5-ccb1-476b-8979-0ef18be48c8a,Between,Electronics,Laptops,5,1594.15,1392.05,202.1,2024-07-07,96f6b087-8425-4b43-8e1c-60d625f7a41b,South,33
464223e5-575a-4f4d-8acd-f65aca1cfedf,Easy,Electronics,Laptops,8,5725.44,3959.6,1765.84,2024-11-23,30ab52ed-75a3-4b68-a209-8092f8cf67c8,East,86
8035ddf4-34f8-448d-b17d-3b4f4da599e5,Ten,Clothing,Kids,3,318.3,290.73,27.57,2025-03-28,d73c0f6f-552d-4637-9702-b77cb8490caf,West,25
c097e633-3f0f-4aef-8265-4c59b74c7c80,Expect,Home & Kitchen,Appliances,7,3386.25,2310.21,1076.04,2025-02-27,2977c248-f110-42d7-88ac-de186c163d8d,North,39
4599ab20-241b-4ef2-8334-a8ddd3ac5b1d,Law,Books,Comics,10,1788.5,1613.5,175.0,2024-08-13,0b0ee854-78e8-423c-b79a-5b934b6e4c6e,South,80
9ef92aea-cb72-4346-8e44-4472572dd66e,Since,Books,Non-Fiction,3,1618.38,1223.22,395.16,2024-12-30,734b4e09-d420-4c28-bd93-842c4a0b1a8b,East,14
7636c521-be87-45e7-85c8-7a312024f09b,Work,Books,Comics,9,2907.27,2071.26,836.01,2024-11-03,e158cf71-516a-4b47-9a2b-a028f267488a,West,8
9f6cc3fb-0996-41eb-90b1-82950d13d18f,Out,Home & Kitchen,Furniture,7,2437.61,1713.67,723.94,2024-08-28,944471ba-7d4e-49c5-93e9-eb7433934ecd,East,34
0afba4df-a472-42d4-839e-3cd2a2bac1c9,Way,Books,Fiction,3,1747.56,1392.9,354.66,2025-05-26,60d11563-a90a-47cf-ac5f-525a1207a32f,West,12
8d38e73e-a965-4841-b680-ea89fb7b70a9,Kid,Clothing,Men,5,1482.55,1023.75,458.8,2024-09-25,d6ede7e0-aea9-403d-adf4-d91b37cc39bc,East,71
d09ba212-b317-494b-a195-f61a9d79494e,If,Clothing,Kids,2,376.22,331.32,44.9,2025-02-03,cbb9c8de-e6b2-43e2-8fcf-810ae8d63df4,East,91
57a01adf-714d-4eb8-8494-7c5847a9197d,Important,Electronics,Laptops,6,2222.76,1917.6,305.16,2025-01-26,b205b26a-d85d-4e89-8dae-261074738a68,South,55
ac8af108-42fd-49df-91f4-9452fa7b6b8b,Type,Home & Kitchen,Furniture,1,265.03,214.3,50.73,2024-11-03,38dcde83-0a5e-48aa-bf1f-c3671fa5f74b,South,19
854a625e-b610-442b-938d-b186b13b827a,Read,Clothing,Women,8,3152.88,2371.28,781.6,2025-01-21,7c20ecca-3351-4506-9dd6-bbc537292156,North,57
69dc68e5-4828-451a-9a46-fee771ad5e7f,Leader,Books,Comics,7,2166.99,1482.46,684.53,2025-06-15,3b77f10a-9f62-4557-b472-0cb7021bfe69,West,40
e14704f8-a6a7-4ed7-8bb6-cb8df9370a62,Security,Home & Kitchen,Appliances,9,640.26,441.9,198.36,2024-09-17,71acad40-669c-4db8-88b4-272e9e64754b,South,35
a0a2c69a-74b9-41d6-87fc-961dd63cd1c4,Price,Electronics,Accessories,3,803.16,588.57,214.59,2024-07-27,ee4f0406-95ef-454c-8b60-850a94c598fb,East,77
645dcf62-1816-4e60-a181-83c5824f0bb0,Heavy,Clothing,Kids,10,6534.5,4445.5,2089.0,2025-01-16,04c4285c-c238-4a62-8134-9b24093f060a,West,93
09b9a05b-a558-41d3-9cf1-1cca811059e5,Article,Home & Kitchen,Decor,9,3221.01,2468.79,752.22,2024-12-31,e5425399-6801-42f1-a970-36a3afb24336,East,52
ed11cac9-f23c-4f53-8885-9ae38fd8cc81,Voice,Books,Comics,6,3945.48,2760.42,1185.06,2025-05-29,c8151744-2a3d-4378-8421-394b72b49a10,South,79
a6747ec0-69b8-4415-9bf0-34e0d6355186,Site,Home & Kitchen,Decor,3,1120.68,807.6,313.08,2025-03-15,3c59635b-7642-4b05-a97d-d3c04e64584b,South,88
76c16961-0994-4188-969f-5750ff40ef5a,Past,Books,Comics,5,783.05,689.4,93.65,2024-10-27,91e04fc1-d65b-4420-94e4-a0d612a13250,South,72
bb9f506d-a4e8-4cd9-83e9-882620646518,Bring,Books,Comics,7,3627.26,2418.22,1209.04,2025-06-24,850a59e0-c559-4245-a830-fa481015dd21,East,25
af094b00-4340-460e-b2a1-46923dde6846,Attention,Books,Fiction,7,3039.12,2737.07,302.05,2025-01-10,ce63ee00-2f44-4da1-93e5-f241267e6f08,East,59
d58e5461-e182-420d-81b5-90b05ccf9328,Nice,Clothing,Men,7,918.4,800.38,118.02,2024-08-03,789a2ccd-f218-4f9d-9bee-d1389fa1faf5,East,86
3d3acd20-031b-4a73-8250-06015396a21f,Reality,Books,Fiction,4,1746.52,1576.92,169.6,2024-08-12,73895e3f-5774-4baa-b0cc-d8bcb8b04e5d,South,55
df7f35a7-e3d2-41f8-bacb-15ea5af55615,One,Books,Fiction,10,2480.4,1892.4,588.0,2024-10-09,0f0f7d51-d883-4555-9030-e8b9f3d43a48,East,65
ee2e6a33-2083-41d3-9d56-88336daa27cb,That,Electronics,Phones,9,3090.69,2673.63,417.06,2025-02-15,97baa3d4-9138-4435-b917-138fd7128861,East,50
cd9aa290-49b1-4083-a876-47120ea1d113,Own,Clothing,Kids,2,508.4,426.08,82.32,2025-04-06,3b2a9bad-b927-44f4-9f63-7a3e7392cee2,West,55
0fb6cad9-47ec-49d8-bca0-8c2918a3f75e,Throughout,Clothing,Women,10,4055.0,3773.1,281.9,2024-11-16,cc4f3f70-a710-44f4-89d7-2a93d35a9e52,South,97
6baedddf-7cb5-4348-ba93-1b0e3727cc22,Exactly,Home & Kitchen,Decor,4,1497.2,1321.16,176.04,2025-02-10,72fa7efd-0336-4473-92dc-3383195f12ea,East,11
0d1ed2f8-0c74-4695-8dc2-315724194a47,True,Electronics,Accessories,6,3708.36,2486.1,1222.26,2024-08-15,dd299f4a-698a-46e9-990c-84b4ef2544bc,West,25
563d9ee9-5476-4ce1-b143-e8954f7edf50,Cause,Books,Fiction,2,635.06,499.3,135.76,2024-11-07,0fb39961-d94a-4da7-a0b8-ceff81110b76,South,37
e8079703-f91a-4f46-bcaa-a3437eaa435c,Possible,Books,Fiction,8,2090.72,1449.76,640.96,2025-01-03,b634c78c-a11c-41b2-8b62-1194c9296c05,South,34
03f8e667-4b6e-487f-8e9f-38559d26f321,Change,Clothing,Kids,6,2086.5,1843.68,242.82,2025-04-23,3f98b1ad-7f9d-4c71-a60b-8c1a5dd7646a,East,53
eded0d19-5a72-439a-bcb9-d8e7e50162fc,Arm,Electronics,Phones,4,2492.48,1996.72,495.76,2025-02-25,702d0721-9671-4747-b0bc-b35637f0a3ba,South,17
e1810eb5-ed1d-4501-9b2f-2c7b8674bd75,Red,Home & Kitchen,Furniture,5,1802.4,1621.05,181.35,2024-07-20,0fe6c114-ffb3-468c-a033-a825737c609c,West,13
0d056e7b-69a8-4790-ad99-1226b3b9b1a4,Study,Clothing,Men,3,727.59,595.53,132.06,2024-11-15,db5a73c8-77c9-4c39-b3a4-65195586828a,East,47
85a7339f-9218-4806-b36f-f54f39385923,Election,Electronics,Accessories,2,699.26,641.32,57.94,2025-02-20,ce38e765-f2c9-43d5-83b8-e33229af3dc1,South,69
c58a7840-df6c-4d2c-9342-d8e67d0d693d,Thousand,Home & Kitchen,Decor,8,1880.72,1678.96,201.76,2024-08-04,794294ea-fb02-406a-9596-a959dad8ff36,East,92
b594ee74-cbfa-4d96-9689-6eef43a05e81,Clearly,Clothing,Men,1,327.26,250.82,76.44,2025-02-12,7aa1e381-c254-4433-8572-993131cbec6f,North,5
df7c33dc-d5d1-47e6-863e-db93aba843dc,So,Home & Kitchen,Furniture,4,786.2,548.48,237.72,2024-08-30,21fb8e06-cef3-4fd1-b7af-1e72ff3dacf9,West,82
ae4dadb9-6cfd-4fae-81fe-e1325a19ddcb,Difference,Books,Non-Fiction,3,1266.66,1107.81,158.85,2025-05-21,0d937935-1cb3-4de0-967e-24fdc044b4ac,East,43
c7072737-5e64-43d0-8aa6-47af747e4813,Record,Home & Kitchen,Appliances,6,3004.62,2052.78,951.84,2025-05-25,32953f34-68a3-4aaf-9cab-769a9b6dfce1,West,12
9d9ee6e2-5ebe-422f-a41c-1d1d8baca535,Education,Home & Kitchen,Decor,7,2975.91,2408.63,567.28,2025-01-05,b0d5e4d5-e0e2-4ab3-b428-a1b45f5ab27c,East,69
05615905-a569-445e-9eff-2b16f3ed91e2,Manage,Clothing,Kids,1,220.99,171.33,49.66,2025-03-30,e5ee4ecb-88b8-4c92-8054-6a3e76009308,South,5
059e4772-7416-448e-9331-5d5a5d932fdc,Wish,Clothing,Kids,4,2369.64,1934.96,434.68,2024-08-20,cec54835-9760-4bb0-8548-f598a5be7f3e,East,42
053951c5-7852-4cf5-95d3-66c831402fb6,Respond,Clothing,Women,2,500.8,418.84,81.96,2025-06-09,275e8360-4baa-41fd-a07a-cefe2105e0fd,West,68
0ca021f5-bbbb-4f1a-8758-86d9a45535f6,Should,Books,Non-Fiction,8,3278.8,2553.28,725.52,2025-01-23,52dcac57-5fd9-488e-8df8-e6b77842ee9b,East,53
8deef58b-7f48-4a4b-814a-a2c2d77c0dda,True,Home & Kitchen,Furniture,6,2641.98,1903.56,738.42,2025-04-19,76e30946-0afb-4b09-94bb-e9e2f93ed40b,East,77
0771a224-c413-4f3d-b778-eecc8aee2061,Ability,Books,Non-Fiction,10,2698.8,2452.2,246.6,2024-11-22,55f4e847-c6f9-4bcc-aab4-5ccef2893601,South,46
aaf37263-a24f-489f-a495-b28eb9c72720,Recent,Books,Non-Fiction,2,1208.6,874.12,334.48,2024-07-11,c184bc07-ead9-484e-9b63-edd021508968,East,70
3a9bff17-9789-4cc7-b1be-30511e116dcf,Media,Clothing,Men,10,6058.5,4900.6,1157.9,2024-10-19,e2613a54-688a-4522-a633-e091b311fe39,West,50
e5e6abef-6fc0-4647-a576-978df9ee8429,Not,Electronics,Accessories,4,2393.76,1706.0,687.76,2025-04-27,b8e57987-b851-4227-8375-050716c07497,West,7
f7d1acd2-567d-4706-ae4b-a386b53e235d,Who,Books,Comics,7,3332.91,3117.1,215.81,2025-03-06,6098ecab-d185-464d-b3ce-8371c7c964ee,North,45
2ad3c027-6e90-4772-9247-eb331466739b,Security,Home & Kitchen,Decor,3,1057.62,905.55,152.07,2024-10-31,c2f5f86f-752f-4d40-9899-1a02e6f8699b,North,53
90329b51-4687-4732-a01c-7483a29dda2a,Meeting,Books,Fiction,10,5555.9,4087.0,1468.9,2025-06-01,0a060670-90e1-43be-a7c7-1555464b1c92,East,77
37fd398d-6ec0-4729-b9e5-6458862dd8f9,Someone,Books,Comics,4,135.2,120.16,15.04,2024-10-22,8a03219b-ec36-4784-b19f-957e8e9a56d6,West,72
1824948a-f12a-4d63-aa2b-6ef26f755da3,Consumer,Home & Kitchen,Furniture,7,3590.51,3290.7,299.81,2024-11-30,a26767cd-e890-4cf0-95f1-9e03270e1549,East,44
7443de1c-cd04-431a-88c9-ecf9a1b33771,Page,Home & Kitchen,Furniture,5,115.3,101.35,13.95,2024-11-22,0ddcc9b3-bdf5-4fc0-818e-7f5c1c704cdc,North,24
d331e5cb-88de-4db5-8965-9a71f5d82ef2,Entire,Clothing,Kids,3,1472.07,1297.53,174.54,2024-10-17,d8fbd739-2e97-4a6a-a98c-371f28eb9589,East,19
8ac237c9-ca9c-4f80-8ee7-68c519daf7a1,Gas,Electronics,Phones,3,123.57,97.56,26.01,2024-09-04,ddd82da2-225b-4c34-8917-fbc63b7c2b1b,West,12
b61c4794-bf3a-46ea-98ab-8bed79adc7a4,Station,Books,Fiction,6,2860.32,1973.28,887.04,2025-05-25,49ba3973-4554-47fe-b00d-2f2f1713f3b8,North,9
94b20c03-1c05-499c-8968-2b35b348ad23,Candidate,Books,Non-Fiction,5,1577.65,1346.8,230.85,2025-03-11,37677ac9-b75f-40a4-b2e2-71ec74361668,West,48
b223b909-ac74-464c-be11-0f8074982a7c,Rich,Home & Kitchen,Furniture,2,957.52,817.56,139.96,2024-10-23,232dc727-107d-48ec-bcd9-5daa72c3077c,South,18
de24a08c-52b8-43be-930a-54759a4de6cf,Its,Books,Non-Fiction,8,829.36,665.92,163.44,2024-09-01,90f9da26-1cd8-4af3-ab6c-7c88211236d5,West,59
ec134dc2-de58-427f-a624-d19c6150395f,Stock,Home & Kitchen,Decor,6,2279.94,2046.48,233.46,2025-03-14,360365dc-5a42-43fd-8783-b1be33b10ff4,South,77
8fda82fc-1fdb-4555-ac74-ff6a653cf7b9,Floor,Home & Kitchen,Appliances,7,2625.77,2056.18,569.59,2025-06-09,73e49323-c633-4210-ae00-99e025730de3,West,76
6143c2ee-7be4-4759-8d0d-a0cd932f472a,Throughout,Books,Fiction,3,1248.87,1050.96,197.91,2024-12-02,26b614b6-80c0-45a6-9453-c739911cbe35,East,95
8395683b-37de-4eec-936b-648ec17391d1,Up,Clothing,Women,9,4228.74,3174.12,1054.62,2024-08-10,8c0a6b26-f11f-41b8-84d0-188ba085e0b7,East,50
2913bc6f-f5a9-4940-8747-bd7496554cfb,Economy,Clothing,Men,2,325.98,264.3,61.68,2025-02-06,db486613-c317-49ff-afe8-0c7f0c04a9ac,West,5
886ed8a9-957e-4eb7-b6ad-edfee8e2021c,Along,Books,Comics,7,648.06,539.56,108.5,2025-03-03,0377b82d-2eb2-4bb5-af10-1ee5eda24fe2,West,47
390d844c-bac7-4e8d-a244-02b4d2cecc2e,Affect,Books,Fiction,7,3240.44,2911.58,328.86,2025-06-16,fcf4dd9a-7972-4e57-912a-5b16b9ffb736,East,48
96f98cd1-0a4c-4063-bd71-a28190636087,Image,Clothing,Men,7,2560.81,2142.49,418.32,2025-06-20,76019296-96fe-48f8-9192-e0bd5ab50dda,North,73
e2b33ef6-ac29-483f-a172-e47fd2089ad0,Price,Clothing,Kids,9,2611.08,1977.21,633.87,2024-07-28,ae71653c-502a-4e61-a79f-b668c5baeeea,South,86
65bd6a18-c541-4a5a-b5ce-02d055d61ba0,Ask,Electronics,Laptops,1,175.36,154.29,21.07,2024-09-23,a2a02762-d681-4be9-bb03-1ac892648302,South,14
1b13b083-f684-470c-b318-bbb23ba4d5e5,Move,Electronics,Laptops,2,833.66,625.2,208.46,2025-02-26,27e8546b-781d-4bfa-bb86-239f9e30dc56,East,32
97234c95-b42f-4525-94ad-486d421475e2,Such,Books,Fiction,3,1045.47,847.53,197.94,2025-03-05,6f74c862-01e0-44f6-9211-1bdb0e20f12e,South,89
4e7b524e-5bf3-42c0-aaed-9a39a80dda71,Term,Books,Comics,10,5650.1,4114.6,1535.5,2024-09-28,492f092c-958d-4fcc-b3eb-90f59b3c916c,North,40
a97110e8-f0ea-4147-8e08-2628706f1284,Something,Books,Non-Fiction,9,4152.51,3027.69,1124.82,2025-02-28,381f5121-2cd2-41f8-b6c1-b46c3db73955,East,78
982e7e63-ef8b-4dc9-b7bd-3da12761d092,Itself,Home & Kitchen,Furniture,8,1796.4,1354.48,441.92,2025-04-10,b46830d2-8774-4bbb-9d63-8430fe4e4624,North,27
24fa5ead-9c3c-4bfc-81e7-78f617c9da96,Exist,Home & Kitchen,Furniture,6,790.38,719.46,70.92,2025-04-16,66ed20ef-6b0a-4029-8011-e0d5dd51e345,North,52
7b4fcad5-2966-4da3-8aea-c30b7427a967,Recent,Books,Non-Fiction,7,2103.22,1536.99,566.23,2025-03-15,7c7a96e2-699e-407a-9626-6e7c9f46b5c3,West,80
68383848-4911-4aef-a007-ae6a7066e1b3,Interview,Books,Comics,6,1694.7,1545.66,149.04,2024-10-17,c8325ff0-4538-42d3-8dff-4d6d6a21489a,East,43
17300eb6-df1d-4410-b21b-1d935f8b768f,Rate,Electronics,Phones,3,1306.17,1186.35,119.82,2024-08-30,0b6f283d-35f2-4405-92d6-88d23126b5bf,North,86
2d49c7b0-3f6f-4f73-ba3b-a7776a2ed81f,Listen,Books,Non-Fiction,8,2871.2,2648.48,222.72,2025-02-26,d5f05dd3-1877-4f73-910a-a9c57a94000c,North,78
333db99a-5947-4ab0-8ac1-c9d17f154444,Difficult,Books,Fiction,4,646.28,581.88,64.4,2024-12-05,1b11e012-3975-46ee-960d-378a7b037be5,South,71
248461fc-bd8b-424c-8463-941a196cfaac,Again,Books,Non-Fiction,7,4090.17,3075.31,1014.86,2025-04-26,d91c9922-4458-4c27-bdae-369b979d3d0d,East,35
78566ead-95b9-4362-893f-4dafd28ab460,End,Clothing,Women,9,4665.87,3714.93,950.94,2024-12-10,915ddceb-337c-48a3-a30c-e5a6ff1818fe,South,89
88340824-d67b-4f6e-a4c4-58db7ec0facd,Choice,Clothing,Men,1,468.8,350.45,118.35,2024-11-27,12b1a7a4-fb54-4c44-8ff5-2f3d0c5377ec,East,11
f49a0a18-0fc8-4654-89b3-cd5b83be3e6a,Generation,Clothing,Men,3,493.35,429.48,63.87,2025-06-10,d5403fdc-761f-48f4-942e-7f1d31d8931e,North,15
f340112e-00aa-4e04-9c6a-2ae64b93f82c,Large,Clothing,Kids,10,4108.7,3601.4,507.3,2025-04-19,0f0514a5-35bc-40ee-af02-84e6bd55a1c4,West,40
c79c8985-8ea2-4fb6-bf19-acefc4716259,Choose,Clothing,Women,2,115.12,102.3,12.82,2025-05-19,09937e22-e115-41ff-aa47-393bac95dd68,South,34
ad1966a1-f0c9-4afe-9894-0f44ef3e05af,Why,Books,Fiction,9,470.07,441.36,28.71,2025-06-19,b664ee12-cb4f-4bfc-83c9-fc61d649e630,East,56
dcfb54fc-c4dd-4d59-ba98-7296bad95f95,Day,Home & Kitchen,Decor,10,3798.3,3321.8,476.5,2024-11-17,2436e8e2-803a-4963-98fb-ce23dacc436d,West,32
e8cdf980-1612-4f98-bdd9-0acc22388347,Whose,Electronics,Phones,4,2305.76,1696.72,609.04,2024-10-03,cb5882d7-1b06-4959-89d8-d7f2def6b8e1,East,35
a8104736-4e24-48b5-a499-1b53369df3c3,Rather,Electronics,Phones,8,3917.12,3416.96,500.16,2025-05-14,9594f057-fe5b-454d-a157-504da6039e0f,South,32
f5632df3-4254-4f46-bd79-a83e4ce97299,Hear,Books,Non-Fiction,1,511.12,454.1,57.02,2024-08-25,91eeb301-9523-44c1-9d84-725e219c1c46,South,29
b3a32870-9cf6-4e4a-ba80-f8c266bc95ad,Commercial,Electronics,Laptops,2,694.84,477.9,216.94,2025-03-06,2468a28a-325b-44b6-a51e-a83646ef4837,North,85
27db2408-c969-4d62-bc23-d1be5e6e7991,Mind,Electronics,Laptops,10,4593.4,3484.0,1109.4,2024-07-09,e1887ccf-4daf-4992-98ed-549375d5d190,West,65
dbae63c2-c6a9-48e9-9bc7-307b2b63759b,Account,Electronics,Laptops,5,1029.65,950.2,79.45,2025-05-18,7fad604c-c43e-4732-a120-51f511bd0992,North,56
8e7e8f67-d312-4942-b8b3-b228bff54b05,Simply,Books,Non-Fiction,9,3565.44,2977.65,587.79,2024-11-30,8dad4af0-b1da-46a8-ac4d-f198e1d55fca,West,5
c447fbe2-2381-4472-893f-fd0212c0adc2,Popular,Electronics,Laptops,5,1176.25,978.45,197.8,2024-11-27,c1b4eb01-67a9-45f6-907d-3b32fb2ee91c,West,12
d987981c-055d-4321-b02a-b3c65561e525,Piece,Home & Kitchen,Appliances,2,825.6,724.94,100.66,2025-03-17,8b137ad1-e13a-4a0a-a607-fc905687916f,South,67
f5b2ddd0-6e38-4ec9-a080-c2ed0f105c2c,Morning,Home & Kitchen,Appliances,9,3350.34,3005.37,344.97,2024-11-25,4d5faa62-3130-4e26-a360-15deb5aaa943,South,51
e55602d5-d886-4490-9da7-f6c98c159313,Evening,Clothing,Women,6,547.68,475.92,71.76,2024-10-25,774e0991-2b57-4872-9408-15203071e9c3,West,78
7dbe8d83-e4a9-46ba-8051-e58fd9cdf5de,Arrive,Electronics,Laptops,10,1051.5,873.5,178.0,2024-12-11,7e609bc3-4eec-4b97-9cad-e28a26a8162e,North,21
7d795f5c-22fe-48ff-8281-46d4209ce033,Change,Electronics,Accessories,1,107.01,87.9,19.11,2025-06-15,e8a4af2c-7168-427b-aa55-ca5f101571d6,North,78
6783e87d-b8df-40b3-8bc2-cd1557de016c,Cell,Electronics,Phones,5,1001.85,855.35,146.5,2025-05-21,b37db650-ed17-49af-a2af-5c1efca1d72c,North,62
e6a08cd0-55e1-4ff4-b91d-af1b23a31992,Never,Books,Comics,5,441.7,314.5,127.2,2025-01-21,5c7279cc-510b-49db-b6c3-2045ae3d8c75,East,63
71125728-6cdb-46e8-9452-6d4dbde7f9b6,Society,Home & Kitchen,Appliances,4,1440.36,1226.08,214.28,2025-04-11,80de3ff8-c761-4023-bdf4-5b70f669b6e6,North,18
6955e77b-a063-4858-8545-3635926f296b,Western,Electronics,Accessories,10,3141.6,2327.2,814.4,2024-08-02,136bb4c1-4a44-4013-9b0b-be7a378b2a38,North,86
c72ab44a-eeff-42bb-8b06-f494a36beab3,Woman,Home & Kitchen,Furniture,1,380.46,285.01,95.45,2025-05-31,a69b7b84-463a-4d16-8887-cac7863c4c3f,North,11
7df52448-fc56-49d2-a4e8-cb6a470d6ea1,Item,Electronics,Phones,6,2461.8,1794.96,666.84,2024-10-30,092c62ce-dba5-46db-b278-2e78b04b931a,East,51
ded32c0a-87ba-42ad-836a-21862c02a31b,Might,Home & Kitchen,Appliances,6,3458.58,2960.82,497.76,2024-09-12,47180289-2729-4046-b268-e9725d90f43e,West,5
1d69583b-6a2a-47dc-8546-92122d8dfaa8,Have,Electronics,Laptops,10,4931.7,3416.7,1515.0,2025-04-27,f283d39e-9cdf-46c7-ad40-a1ec6eba36bb,North,16
0c7cd7c9-32cb-461a-8fe2-e27e5eea9d3a,Mean,Books,Non-Fiction,5,1117.75,947.4,170.35,2025-03-24,444bf534-fb73-4df7-a151-d471b391c6db,North,34
aefcb849-f5ba-4aa8-a01e-b8cd56d3df09,Never,Books,Fiction,3,1075.02,755.82,319.2,2025-04-09,b9096674-b9e0-4fea-b4af-08912fc24363,South,80
757f7f52-ecdb-4328-b780-55753c662806,Size,Electronics,Laptops,3,1492.11,1288.86,203.25,2024-11-06,d28bb1a6-ce98-4b90-bd5a-ab294078a3be,East,21
4e7ecab4-4209-4296-ac64-fc8feb59006e,Day,Books,Fiction,10,5362.7,4091.5,1271.2,2025-04-22,da168952-2e7f-47b2-bf98-f6899bf100bd,East,78
ca71da94-f036-4caf-a315-82d81bb68086,Glass,Clothing,Men,3,1342.95,909.33,433.62,2025-01-17,a7525209-ac42-4651-8ea4-f29d60ab9e30,West,79
975cd838-777f-4d0a-b2d1-9a9d9dc78919,A,Clothing,Women,7,2807.84,2397.36,410.48,2024-10-24,af1b35d5-847b-47ff-896e-060ec49d14fc,South,37
acc99dc1-d2f7-4c1d-8a45-1260a0d21474,Something,Electronics,Accessories,3,1299.33,1116.48,182.85,2025-03-27,c435890d-b84d-49be-a035-c1b9e6b6cda9,North,8
7ecb6f73-6635-4763-9959-db15816b00bd,Answer,Books,Fiction,6,680.52,604.02,76.5,2025-02-12,885eb2b2-bf7e-410a-a73b-347ed9055cc8,South,9
329a07b1-38f4-4c6d-a4d4-1ce0d75e510b,Eight,Home & Kitchen,Decor,4,2642.32,1784.16,858.16,2025-04-06,d92881f3-2fc3-47ac-9f62-364984cf58d7,West,47
01f780ec-032b-4181-a1df-781d9b56513c,Situation,Home & Kitchen,Appliances,10,3235.9,2578.3,657.6,2025-02-01,3cae6be5-09e5-4ace-b7f4-fd0107878236,East,65
51aa7a55-4aab-4a6e-a284-22116f86162d,Arm,Electronics,Accessories,1,271.05,257.42,13.63,2024-10-01,a10c2d20-d6a5-4e18-b0e0-044cca51f132,East,17
5b8c656c-0384-4d00-b608-270c74daac84,Truth,Home & Kitchen,Decor,3,352.14,297.9,54.24,2024-12-29,0be4f2d1-97ad-4d97-9ac4-7f0c2ed0c5b6,North,64
d5f83192-25ec-4085-a120-154568b3f5f3,Light,Books,Comics,3,1771.08,1488.63,282.45,2024-12-17,3e9612f7-c363-4b7e-97a8-0e1d0cf1b551,North,80
84ac1702-1c08-43fe-8876-df7da33f89b6,Science,Clothing,Women,5,1245.15,955.85,289.3,2024-12-31,4c52b706-a7cc-4d63-8ac5-04d570aa4bd9,East,100
6349e09c-a15d-4b13-a999-c1d10f223a9b,Home,Electronics,Laptops,10,2671.3,2228.4,442.9,2024-12-25,9193c225-763c-4b44-8e5a-375f3be7ce57,West,11
